first_name,last_name,email
Charlie,Barosch,cbarosch0@bbb.org
Carrie,Gawthorp,cgawthorp1@gizmodo.com
Zerk,Ornelas,zornelas2@reverbnation.com
Marysa,Romero,mromero3@flickr.com
Ase,Demonge,ademonge4@usa.gov
Aretha,Vayne,avayne5@mlb.com
Tasha,Artois,tartois6@tinypic.com
Dorie,Gare,dgare7@si.edu
Phillida,Ouslem,pouslem8@dropbox.com
Jephthah,Voice,jvoice9@skype.com
Noll,Rubinek,nrubineka@photobucket.com
Heather,Succamore,hsuccamoreb@sakura.ne.jp
Tisha,Portal,tportalc@shutterfly.com
Saxe,Kippen,skippend@intel.com
Hall,Georgiades,hgeorgiadese@histats.com
Chickie,Tripe,ctripef@yelp.com
Tripp,Vido,tvidog@mtv.com
Corenda,Meaden,cmeadenh@phpbb.com
Meagan,Wyness,mwynessi@google.com.hk
Gino,Goldring,ggoldringj@gmpg.org
Wynnie,Piola,wpiolak@indiatimes.com
Alvira,Grimstead,agrimsteadl@dailymotion.com
Clarissa,Laker,clakerm@google.es
Grannie,Giacomi,ggiacomin@ustream.tv
Concordia,Canet,ccaneto@netscape.com
Emilee,Jellett,ejellettp@wordpress.org
Jeremie,Ainsworth,jainsworthq@plala.or.jp
Webster,Drayn,wdraynr@apple.com
Rickie,Gladeche,rgladeches@amazon.com
Josselyn,Gobbet,jgobbett@eepurl.com
Brier,Etoile,betoileu@weebly.com
Kania,Overall,koverallv@google.com
Loy,Le Provost,lleprovostw@sciencedirect.com
Anna-diana,Langlois,alangloisx@blogs.com
Adham,Landes,alandesy@goo.gl
Fredia,Timblett,ftimblettz@naver.com
Scott,Delle,sdelle10@jugem.jp
Sterling,Bog,sbog11@skyrock.com
Shawn,Gann,sgann12@woothemes.com
Linet,Dalgardno,ldalgardno13@woothemes.com
Simeon,Gowenlock,sgowenlock14@accuweather.com
Chrysler,Guillem,cguillem15@simplemachines.org
Matthias,Brownscombe,mbrownscombe16@hud.gov
Cookie,Fullstone,cfullstone17@umn.edu
Mariette,O'Dowd,modowd18@seattletimes.com
Ulrikaumeko,Cestard,ucestard19@businessweek.com
Flossy,Horrell,fhorrell1a@uiuc.edu
Basil,Hadland,bhadland1b@vistaprint.com
Thomasina,Cyson,tcyson1c@flickr.com
Welch,Overshott,wovershott1d@furl.net
Mina,Wychard,mwychard1e@google.co.jp
Sena,Corney,scorney1f@chron.com
Suzette,Conaghan,sconaghan1g@virginia.edu
Lorant,Sebborn,lsebborn1h@github.com
Ethelind,Radcliffe,eradcliffe1i@admin.ch
Christin,Arondel,carondel1j@nasa.gov
Farand,Berardt,fberardt1k@cpanel.net
Page,Cheverell,pcheverell1l@abc.net.au
Adrian,Aulds,aaulds1m@census.gov
Constantia,Avramovich,cavramovich1n@cyberchimps.com
Michel,Rhodes,mrhodes1o@miitbeian.gov.cn
Niall,Staries,nstaries1p@youtu.be
Abe,Hazle,ahazle1q@barnesandnoble.com
Chloette,Stearley,cstearley1r@webnode.com
Fransisco,Nassi,fnassi1s@nhs.uk
Brooks,Dawtrey,bdawtrey1t@boston.com
Marjie,Skrine,mskrine1u@usnews.com
Bealle,Sneddon,bsneddon1v@zdnet.com
Torre,Eddoes,teddoes1w@chronoengine.com
Robbyn,Gradly,rgradly1x@mtv.com
Hobie,Phipps,hphipps1y@qq.com
Cristiano,Conigsby,cconigsby1z@mashable.com
Amity,Ornils,aornils20@cdc.gov
Ly,Clamo,lclamo21@kickstarter.com
Elga,Skentelbery,eskentelbery22@themeforest.net
Berky,Barta,bbarta23@163.com
Kettie,Jonathon,kjonathon24@lycos.com
Pincus,Le Blanc,pleblanc25@is.gd
Avram,Gellion,agellion26@illinois.edu
Lorrayne,Kirman,lkirman27@infoseek.co.jp
Roselin,Brobyn,rbrobyn28@google.ca
Luelle,Costigan,lcostigan29@macromedia.com
Linet,Nudd,lnudd2a@amazon.co.jp
Elmore,Egginton,eegginton2b@a8.net
Putnem,Sinson,psinson2c@fda.gov
Hannie,Eames,heames2d@eventbrite.com
Dorelle,Androlli,dandrolli2e@dmoz.org
Aura,Orviss,aorviss2f@blog.com
Thea,Bragge,tbragge2g@cafepress.com
Vivie,Killingsworth,vkillingsworth2h@google.com.br
Tatiania,Duley,tduley2i@multiply.com
Keri,Fairhurst,kfairhurst2j@thetimes.co.uk
Bord,Rourke,brourke2k@joomla.org
Yovonnda,Addicote,yaddicote2l@cnbc.com
Tad,Malkie,tmalkie2m@networksolutions.com
Chevy,Meriott,cmeriott2n@gravatar.com
Merl,Avrahamof,mavrahamof2o@comsenz.com
Jayne,Elloy,jelloy2p@discuz.net
Zitella,Whiten,zwhiten2q@ebay.com
Gradeigh,Yakuntsov,gyakuntsov2r@chronoengine.com
Philippa,Commucci,pcommucci2s@google.com.br
Casper,Allbon,callbon2t@so-net.ne.jp
Codee,Pottberry,cpottberry2u@pinterest.com
Mervin,Glasser,mglasser2v@jalbum.net
Leroy,Simko,lsimko2w@altervista.org
Rafaello,Jeanequin,rjeanequin2x@constantcontact.com
Matti,Tummons,mtummons2y@odnoklassniki.ru
Jim,Ruos,jruos2z@chron.com
Bernard,Phoenix,bphoenix30@jigsy.com
Conant,Rulf,crulf31@ifeng.com
Jillana,Tilbrook,jtilbrook32@goo.ne.jp
Jori,Blewitt,jblewitt33@altervista.org
Perry,Pieroni,ppieroni34@e-recht24.de
Art,Oakden,aoakden35@wsj.com
Trace,Kubicek,tkubicek36@artisteer.com
Pavia,Hawksworth,phawksworth37@yelp.com
Ken,Tenny,ktenny38@walmart.com
Teodorico,Gaye,tgaye39@vinaora.com
Harwilll,Crisp,hcrisp3a@nydailynews.com
Brnaba,Cathesyed,bcathesyed3b@wordpress.org
Bevin,Cardenas,bcardenas3c@360.cn
Valentine,Faulkener,vfaulkener3d@desdev.cn
Marice,Joubert,mjoubert3e@weather.com
Mahala,Eilhersen,meilhersen3f@sina.com.cn
Padgett,Britton,pbritton3g@mapy.cz
Maryann,Skewis,mskewis3h@hc360.com
Nettle,Dinesen,ndinesen3i@geocities.com
Damiano,Rasmus,drasmus3j@google.fr
Ricardo,Dary,rdary3k@simplemachines.org
Yvette,Chsteney,ychsteney3l@umich.edu
Andree,Bennike,abennike3m@eepurl.com
Weber,Sinclaire,wsinclaire3n@comcast.net
Dulcea,McCobb,dmccobb3o@ft.com
Craggie,Sprott,csprott3p@spiegel.de
Dominic,D'Angeli,ddangeli3q@posterous.com
Darlleen,Waterfield,dwaterfield3r@oaic.gov.au
Myrilla,Lebang,mlebang3s@ow.ly
Had,Hessing,hhessing3t@sogou.com
Hy,Goane,hgoane3u@nasa.gov
Mab,Fitt,mfitt3v@reddit.com
Bartolomeo,Flahy,bflahy3w@cocolog-nifty.com
Rebecca,Vinson,rvinson3x@theglobeandmail.com
Staffard,New,snew3y@google.co.uk
Tresa,Ketteridge,tketteridge3z@slashdot.org
Marta,Pott,mpott40@rambler.ru
Nealson,Habbershon,nhabbershon41@delicious.com
Rois,Gateland,rgateland42@craigslist.org
Carine,Fleetwood,cfleetwood43@list-manage.com
Prescott,Ginity,pginity44@intel.com
Enoch,Salvage,esalvage45@is.gd
Livvie,Corragan,lcorragan46@blinklist.com
Willi,Tawton,wtawton47@toplist.cz
Riki,Fairbrass,rfairbrass48@ebay.com
Marybeth,Aluard,maluard49@reddit.com
Hulda,Dorkin,hdorkin4a@hc360.com
Jordain,Prettyman,jprettyman4b@seesaa.net
Haslett,Gervaise,hgervaise4c@ameblo.jp
Dominique,Lowbridge,dlowbridge4d@gnu.org
Lizabeth,Stennings,lstennings4e@mapy.cz
Merlina,Tolman,mtolman4f@meetup.com
Ambros,Shemilt,ashemilt4g@virginia.edu
Emlyn,Mengue,emengue4h@abc.net.au
Gilda,Bienvenu,gbienvenu4i@netscape.com
Herculie,Monkhouse,hmonkhouse4j@digg.com
Janela,Isard,jisard4k@theatlantic.com
Jilly,Gutridge,jgutridge4l@netvibes.com
Alexina,McEneny,amceneny4m@issuu.com
Levey,Steedman,lsteedman4n@japanpost.jp
Kaspar,Kun,kkun4o@hao123.com
Naoma,Reggler,nreggler4p@flavors.me
Carolus,Santacrole,csantacrole4q@wikimedia.org
Miquela,Grizard,mgrizard4r@apple.com
Abram,Bickerton,abickerton4s@flickr.com
Brenn,Moreno,bmoreno4t@google.fr
Inger,Hastewell,ihastewell4u@foxnews.com
Leeland,Varrow,lvarrow4v@zimbio.com
Richard,Thonger,rthonger4w@princeton.edu
Emylee,Tantrum,etantrum4x@time.com
Mordy,Fihelly,mfihelly4y@github.com
Cad,Kidson,ckidson4z@japanpost.jp
Reinaldos,Autry,rautry50@reverbnation.com
Diane,Rutty,drutty51@nytimes.com
Lorrayne,Jans,ljans52@java.com
Henry,Rispin,hrispin53@msu.edu
Janette,Bissill,jbissill54@linkedin.com
Ruthann,Pinks,rpinks55@jalbum.net
Larina,Januszkiewicz,ljanuszkiewicz56@posterous.com
Bianka,Lindfors,blindfors57@google.com.hk
Jacinta,Manwell,jmanwell58@archive.org
Carmen,McKimm,cmckimm59@nifty.com
Kaitlyn,Franzen,kfranzen5a@discovery.com
Eldredge,Rizon,erizon5b@multiply.com
Welsh,Posen,wposen5c@patch.com
Bab,Wheadon,bwheadon5d@unblog.fr
Jessey,Abela,jabela5e@howstuffworks.com
Suzette,Vicker,svicker5f@wunderground.com
Amalie,Struttman,astruttman5g@csmonitor.com
Godiva,McCosh,gmccosh5h@tiny.cc
Meaghan,Trussman,mtrussman5i@hubpages.com
Silvano,Whitmore,swhitmore5j@lulu.com
